Job:RCA_091325_WHINBURGER,Version:24.00,Units:USSurveyFeet
RC56823,442113.799,858047.578,3397.727,CKS,CKS:POINT ID,JC21053CP,CKS:REMARKS,
JC21053CP,442113.682,858047.693,3397.776,CP
RC56824,433605.730,860633.610,3370.804,FLANGE,FLANGE:TYPE,FLANGE,FLANGE:CLASS,OTHER (SEE REMARKS),FLANGE:SIZE,4,FLANGE:HEAT NO,N/A,FLANGE:REMARKS,
RC56825,433630.984,860633.038,3371.244,FLANGE,FLANGE:TYPE,FLANGE,FLANGE:CLASS,OTHER (SEE REMARKS),FLANGE:SIZE,4,FLANGE:HEAT NO,N/A,FLANGE:REMARKS,
RC56826,433471.339,860489.248,3371.170,FLANGE,FLANGE:TYPE,FLANGE,FLANGE:CLASS,OTHER (SEE REMARKS),FLANGE:SIZE,4,FLANGE:HEAT NO,N/A,FLANGE:REMARKS,
RC56827,433506.492,860511.740,3370.237,NG,NG:REMARKS,DIRT
RC56828,433511.225,860502.068,3363.878,LE,LE:JOINT NUMBER,N/A,LE:HEAT NUMBER,N/A,LE:REMARKS,
RC56829,433509.108,860502.450,3364.261,LE,LE:JOINT NUMBER,N/A,LE:HEAT NUMBER,N/A,LE:REMARKS,
RC56830,433510.443,860511.947,3364.946,WELD,WELD:TYPE,MAINLINE,WELD:XRAY,N/A,WELD:JOINT AHEAD,N/A,WELD:JOINT BACK,N/A,WELD:HEAT AHEAD,N/A,WELD:HEAT BACK,N/A,WELD:JOINT LENGTH,0,WELD:DEPTH OF COVER,5.2,WELD:PIPE MATERIAL,STEEL,WELD:PIPE COATING,POLYURETHANE,WELD:BASECOAT (FBE) MILLS,N/A,WELD:OVERCOAT (ARO) MILLS,N/A,WELD:MANUFACTURER,N/A,WELD:DIAMETER,2,WELD:WALL THICKNESS,0,WELD:GRADE,N/A,WELD:SEAM,UNDETERMINED,WELD:WELDER NO,H/G,WELD:REMARKS,
RC56831,433508.158,860512.438,3365.179,WELD,WELD:TYPE,MAINLINE,WELD:XRAY,AXR-129,WELD:JOINT AHEAD,N/A,WELD:JOINT BACK,N/A,WELD:HEAT AHEAD,N/A,WELD:HEAT BACK,N/A,WELD:JOINT LENGTH,0,WELD:DEPTH OF COVER,5.1,WELD:PIPE MATERIAL,STEEL,WELD:PIPE COATING,POLYURETHANE,WELD:BASECOAT (FBE) MILLS,N/A,WELD:OVERCOAT (ARO) MILLS,N/A,WELD:MANUFACTURER,N/A,WELD:DIAMETER,2,WELD:WALL THICKNESS,0,WELD:GRADE,N/A,WELD:SEAM,UNDETERMINED,WELD:WELDER NO,N/C,WELD:REMARKS,
RC56832,433509.344,860553.850,3370.406,NG,NG:REMARKS,DIRT
RC56833,433506.725,860553.757,3366.889,WELD,WELD:TYPE,MAINLINE,WELD:XRAY,N/A,WELD:JOINT AHEAD,N/A,WELD:JOINT BACK,N/A,WELD:HEAT AHEAD,N/A,WELD:HEAT BACK,N/A,WELD:JOINT LENGTH,0,WELD:DEPTH OF COVER,3.5,WELD:PIPE MATERIAL,STEEL,WELD:PIPE COATING,POLYURETHANE,WELD:BASECOAT (FBE) MILLS,N/A,WELD:OVERCOAT (ARO) MILLS,N/A,WELD:MANUFACTURER,N/A,WELD:DIAMETER,2,WELD:WALL THICKNESS,0,WELD:GRADE,N/A,WELD:SEAM,UNDETERMINED,WELD:WELDER NO,N/A,WELD:REMARKS,
RC56834,433504.800,860554.021,3367.354,WELD,WELD:TYPE,MAINLINE,WELD:XRAY,N/A,WELD:JOINT AHEAD,N/A,WELD:JOINT BACK,N/A,WELD:HEAT AHEAD,N/A,WELD:HEAT BACK,N/A,WELD:JOINT LENGTH,0,WELD:DEPTH OF COVER,3,WELD:PIPE MATERIAL,STEEL,WELD:PIPE COATING,POLYURETHANE,WELD:BASECOAT (FBE) MILLS,N/A,WELD:OVERCOAT (ARO) MILLS,N/A,WELD:MANUFACTURER,N/A,WELD:DIAMETER,2,WELD:WALL THICKNESS,0,WELD:GRADE,N/A,WELD:SEAM,UNDETERMINED,WELD:WELDER NO,N/A,WELD:REMARKS,
RC56835,433507.713,860596.074,3370.283,NG,NG:REMARKS,DIRT
RC56836,433504.668,860595.768,3367.041,WELD,WELD:TYPE,MAINLINE,WELD:XRAY,AXR-133,WELD:JOINT AHEAD,N/A,WELD:JOINT BACK,N/A,WELD:HEAT AHEAD,N/A,WELD:HEAT BACK,N/A,WELD:JOINT LENGTH,0,WELD:DEPTH OF COVER,3.2,WELD:PIPE MATERIAL,STEEL,WELD:PIPE COATING,POLYURETHANE,WELD:BASECOAT (FBE) MILLS,N/A,WELD:OVERCOAT (ARO) MILLS,N/A,WELD:MANUFACTURER,N/A,WELD:DIAMETER,2,WELD:WALL THICKNESS,0,WELD:GRADE,N/A,WELD:SEAM,UNDETERMINED,WELD:WELDER NO,N/C,WELD:REMARKS,
RC56837,433503.600,860596.224,3367.192,WELD,WELD:TYPE,MAINLINE,WELD:XRAY,AXR-132,WELD:JOINT AHEAD,N/A,WELD:JOINT BACK,N/A,WELD:HEAT AHEAD,N/A,WELD:HEAT BACK,N/A,WELD:JOINT LENGTH,0,WELD:DEPTH OF COVER,3.1,WELD:PIPE MATERIAL,STEEL,WELD:PIPE COATING,POLYURETHANE,WELD:BASECOAT (FBE) MILLS,N/A,WELD:OVERCOAT (ARO) MILLS,N/A,WELD:MANUFACTURER,N/A,WELD:DIAMETER,2,WELD:WALL THICKNESS,0,WELD:GRADE,N/A,WELD:SEAM,UNDETERMINED,WELD:WELDER NO,N/C,WELD:REMARKS,
RC56838,433510.757,860630.467,3370.397,NG,NG:REMARKS,DIRT
RC56839,433504.454,860637.677,3366.134,WELD,WELD:TYPE,MAINLINE,WELD:XRAY,AXR-130,WELD:JOINT AHEAD,N/A,WELD:JOINT BACK,N/A,WELD:HEAT AHEAD,N/A,WELD:HEAT BACK,N/A,WELD:JOINT LENGTH,0,WELD:DEPTH OF COVER,4.2,WELD:PIPE MATERIAL,STEEL,WELD:PIPE COATING,POLYURETHANE,WELD:BASECOAT (FBE) MILLS,N/A,WELD:OVERCOAT (ARO) MILLS,N/A,WELD:MANUFACTURER,N/A,WELD:DIAMETER,2,WELD:WALL THICKNESS,0,WELD:GRADE,N/A,WELD:SEAM,UNDETERMINED,WELD:WELDER NO,N/C,WELD:REMARKS,
RC56840,433504.562,860637.968,3366.145,BEND,BEND:BEND TYPE,LEFT,BEND:BEND TECHNIQUE,FACTORY FITTING,BEND:BEND RADIUS,3R,BEND:HORZ ANGLE,90,BEND:VERT ANGLE,0,BEND:REMARKS,4.2
RC56841,433504.929,860638.109,3366.216,WELD,WELD:TYPE,MAINLINE,WELD:XRAY,N/A,WELD:JOINT AHEAD,N/A,WELD:JOINT BACK,N/A,WELD:HEAT AHEAD,N/A,WELD:HEAT BACK,N/A,WELD:JOINT LENGTH,0,WELD:DEPTH OF COVER,4.2,WELD:PIPE MATERIAL,STEEL,WELD:PIPE COATING,POLYURETHANE,WELD:BASECOAT (FBE) MILLS,N/A,WELD:OVERCOAT (ARO) MILLS,N/A,WELD:MANUFACTURER,N/A,WELD:DIAMETER,2,WELD:WALL THICKNESS,0,WELD:GRADE,N/A,WELD:SEAM,UNDETERMINED,WELD:WELDER NO,K/G,WELD:REMARKS,
RC56842,433503.408,860638.091,3366.213,WELD,WELD:TYPE,MAINLINE,WELD:XRAY,N/A,WELD:JOINT AHEAD,N/A,WELD:JOINT BACK,N/A,WELD:HEAT AHEAD,N/A,WELD:HEAT BACK,N/A,WELD:JOINT LENGTH,0,WELD:DEPTH OF COVER,4.2,WELD:PIPE MATERIAL,STEEL,WELD:PIPE COATING,POLYURETHANE,WELD:BASECOAT (FBE) MILLS,N/A,WELD:OVERCOAT (ARO) MILLS,N/A,WELD:MANUFACTURER,N/A,WELD:DIAMETER,2,WELD:WALL THICKNESS,0,WELD:GRADE,N/A,WELD:SEAM,UNDETERMINED,WELD:WELDER NO,K/G,WELD:REMARKS,
RC56843,433503.570,860638.430,3366.187,BEND,BEND:BEND TYPE,LEFT,BEND:BEND TECHNIQUE,FACTORY FITTING,BEND:BEND RADIUS,3R,BEND:HORZ ANGLE,90,BEND:VERT ANGLE,0,BEND:REMARKS,4.2
RC56844,433503.773,860638.492,3366.141,WELD,WELD:TYPE,MAINLINE,WELD:XRAY,AXR-134,WELD:JOINT AHEAD,N/A,WELD:JOINT BACK,N/A,WELD:HEAT AHEAD,N/A,WELD:HEAT BACK,N/A,WELD:JOINT LENGTH,0,WELD:DEPTH OF COVER,4.2,WELD:PIPE MATERIAL,STEEL,WELD:PIPE COATING,POLYURETHANE,WELD:BASECOAT (FBE) MILLS,N/A,WELD:OVERCOAT (ARO) MILLS,N/A,WELD:MANUFACTURER,N/A,WELD:DIAMETER,2,WELD:WALL THICKNESS,0,WELD:GRADE,N/A,WELD:SEAM,UNDETERMINED,WELD:WELDER NO,K/G,WELD:REMARKS,
RC56845,433502.049,860639.104,3367.198,LE,LE:JOINT NUMBER,N/A,LE:HEAT NUMBER,N/A,LE:REMARKS,3.2
RC56846,433502.527,860635.751,3367.167,LE,LE:JOINT NUMBER,N/A,LE:HEAT NUMBER,N/A,LE:REMARKS,3.2
RC56847,433508.581,860638.592,3366.340,LE,LE:JOINT NUMBER,N/A,LE:HEAT NUMBER,N/A,LE:REMARKS,4.0
RC56848,433509.667,860638.056,3366.539,LE,LE:JOINT NUMBER,N/A,LE:HEAT NUMBER,N/A,LE:REMARKS,3.8
RC56849,433539.675,860640.446,3370.390,NG,NG:REMARKS,DIRT
RC56850,433540.402,860636.285,3366.660,WELD,WELD:TYPE,MAINLINE,WELD:XRAY,AXR-120,WELD:JOINT AHEAD,N/A,WELD:JOINT BACK,N/A,WELD:HEAT AHEAD,N/A,WELD:HEAT BACK,N/A,WELD:JOINT LENGTH,0,WELD:DEPTH OF COVER,3.7,WELD:PIPE MATERIAL,STEEL,WELD:PIPE COATING,POLYURETHANE,WELD:BASECOAT (FBE) MILLS,N/A,WELD:OVERCOAT (ARO) MILLS,N/A,WELD:MANUFACTURER,N/A,WELD:DIAMETER,2,WELD:WALL THICKNESS,0,WELD:GRADE,N/A,WELD:SEAM,UNDETERMINED,WELD:WELDER NO,N/A,WELD:REMARKS,
RC56851,433544.139,860638.148,3366.686,WELD,WELD:TYPE,MAINLINE,WELD:XRAY,N/A,WELD:JOINT AHEAD,N/A,WELD:JOINT BACK,N/A,WELD:HEAT AHEAD,N/A,WELD:HEAT BACK,N/A,WELD:JOINT LENGTH,0,WELD:DEPTH OF COVER,3.7,WELD:PIPE MATERIAL,STEEL,WELD:PIPE COATING,POLYURETHANE,WELD:BASECOAT (FBE) MILLS,N/A,WELD:OVERCOAT (ARO) MILLS,N/A,WELD:MANUFACTURER,N/A,WELD:DIAMETER,2,WELD:WALL THICKNESS,0,WELD:GRADE,N/A,WELD:SEAM,UNDETERMINED,WELD:WELDER NO,N/A,WELD:REMARKS,
RC56852,433584.038,860638.709,3370.058,NG,NG:REMARKS,DIRT
RC56853,433582.013,860634.925,3366.090,WELD,WELD:TYPE,MAINLINE,WELD:XRAY,AXR-119,WELD:JOINT AHEAD,N/A,WELD:JOINT BACK,N/A,WELD:HEAT AHEAD,N/A,WELD:HEAT BACK,N/A,WELD:JOINT LENGTH,0,WELD:DEPTH OF COVER,3.9,WELD:PIPE MATERIAL,STEEL,WELD:PIPE COATING,POLYURETHANE,WELD:BASECOAT (FBE) MILLS,N/A,WELD:OVERCOAT (ARO) MILLS,N/A,WELD:MANUFACTURER,N/A,WELD:DIAMETER,2,WELD:WALL THICKNESS,0,WELD:GRADE,N/A,WELD:SEAM,UNDETERMINED,WELD:WELDER NO,N/A,WELD:REMARKS,
RC56854,433585.970,860635.403,3366.139,WELD,WELD:TYPE,MAINLINE,WELD:XRAY,AXR-126,WELD:JOINT AHEAD,N/A,WELD:JOINT BACK,N/A,WELD:HEAT AHEAD,N/A,WELD:HEAT BACK,N/A,WELD:JOINT LENGTH,0,WELD:DEPTH OF COVER,3.9,WELD:PIPE MATERIAL,STEEL,WELD:PIPE COATING,POLYURETHANE,WELD:BASECOAT (FBE) MILLS,N/A,WELD:OVERCOAT (ARO) MILLS,N/A,WELD:MANUFACTURER,N/A,WELD:DIAMETER,2,WELD:WALL THICKNESS,0,WELD:GRADE,N/A,WELD:SEAM,UNDETERMINED,WELD:WELDER NO,N/A,WELD:REMARKS,
RC56855,433600.127,860640.565,3370.055,NG,NG:REMARKS,DIRT
RC56856,433602.743,860634.932,3366.801,WELD,WELD:TYPE,MAINLINE,WELD:XRAY,AXR-125,WELD:JOINT AHEAD,N/A,WELD:JOINT BACK,N/A,WELD:HEAT AHEAD,N/A,WELD:HEAT BACK,N/A,WELD:JOINT LENGTH,0,WELD:DEPTH OF COVER,3.2,WELD:PIPE MATERIAL,STEEL,WELD:PIPE COATING,POLYURETHANE,WELD:BASECOAT (FBE) MILLS,N/A,WELD:OVERCOAT (ARO) MILLS,N/A,WELD:MANUFACTURER,N/A,WELD:DIAMETER,2,WELD:WALL THICKNESS,0,WELD:GRADE,N/A,WELD:SEAM,UNDETERMINED,WELD:WELDER NO,K/G,WELD:REMARKS,
RC56857,433603.107,860635.047,3367.039,BEND,BEND:BEND TYPE,LEFT,BEND:BEND TECHNIQUE,FACTORY FITTING,BEND:BEND RADIUS,3R,BEND:HORZ ANGLE,90,BEND:VERT ANGLE,0,BEND:REMARKS,3.0
RC56858,433603.213,860635.241,3367.026,WELD,WELD:TYPE,MAINLINE,WELD:XRAY,N/A,WELD:JOINT AHEAD,N/A,WELD:JOINT BACK,N/A,WELD:HEAT AHEAD,N/A,WELD:HEAT BACK,N/A,WELD:JOINT LENGTH,0,WELD:DEPTH OF COVER,3,WELD:PIPE MATERIAL,STEEL,WELD:PIPE COATING,POLYURETHANE,WELD:BASECOAT (FBE) MILLS,N/A,WELD:OVERCOAT (ARO) MILLS,N/A,WELD:MANUFACTURER,N/A,WELD:DIAMETER,2,WELD:WALL THICKNESS,0,WELD:GRADE,N/A,WELD:SEAM,UNDETERMINED,WELD:WELDER NO,N/A,WELD:REMARKS,
RC56859,433603.659,860645.563,3365.872,WELD,WELD:TYPE,MAINLINE,WELD:XRAY,AXR-123,WELD:JOINT AHEAD,N/A,WELD:JOINT BACK,N/A,WELD:HEAT AHEAD,N/A,WELD:HEAT BACK,N/A,WELD:JOINT LENGTH,0,WELD:DEPTH OF COVER,4.1,WELD:PIPE MATERIAL,STEEL,WELD:PIPE COATING,POLYURETHANE,WELD:BASECOAT (FBE) MILLS,N/A,WELD:OVERCOAT (ARO) MILLS,N/A,WELD:MANUFACTURER,N/A,WELD:DIAMETER,2,WELD:WALL THICKNESS,0,WELD:GRADE,N/A,WELD:SEAM,UNDETERMINED,WELD:WELDER NO,N/A,WELD:REMARKS,
RC56860,433603.832,860645.604,3366.030,BEND,BEND:BEND TYPE,SAG,BEND:BEND TECHNIQUE,FACTORY FITTING,BEND:BEND RADIUS,3R,BEND:HORZ ANGLE,90,BEND:VERT ANGLE,0,BEND:REMARKS,4.0
RC56861,433603.725,860645.779,3366.402,WELD,WELD:TYPE,MAINLINE,WELD:XRAY,N/A,WELD:JOINT AHEAD,N/A,WELD:JOINT BACK,N/A,WELD:HEAT AHEAD,N/A,WELD:HEAT BACK,N/A,WELD:JOINT LENGTH,0,WELD:DEPTH OF COVER,3.6,WELD:PIPE MATERIAL,STEEL,WELD:PIPE COATING,POLYURETHANE,WELD:BASECOAT (FBE) MILLS,N/A,WELD:OVERCOAT (ARO) MILLS,N/A,WELD:MANUFACTURER,N/A,WELD:DIAMETER,2,WELD:WALL THICKNESS,0,WELD:GRADE,N/A,WELD:SEAM,UNDETERMINED,WELD:WELDER NO,N/A,WELD:REMARKS,
RC56862,433603.582,860646.162,3369.965,WELD,WELD:TYPE,MAINLINE,WELD:XRAY,AXR-121,WELD:JOINT AHEAD,N/A,WELD:JOINT BACK,N/A,WELD:HEAT AHEAD,N/A,WELD:HEAT BACK,N/A,WELD:JOINT LENGTH,0,WELD:DEPTH OF COVER,0,WELD:PIPE MATERIAL,STEEL,WELD:PIPE COATING,POLYURETHANE,WELD:BASECOAT (FBE) MILLS,N/A,WELD:OVERCOAT (ARO) MILLS,N/A,WELD:MANUFACTURER,N/A,WELD:DIAMETER,2,WELD:WALL THICKNESS,0,WELD:GRADE,N/A,WELD:SEAM,UNDETERMINED,WELD:WELDER NO,A/S,WELD:REMARKS,
RC56863,433603.601,860646.184,3370.343,FLANGE,FLANGE:TYPE,FLANGE,FLANGE:CLASS,OTHER (SEE REMARKS),FLANGE:SIZE,2,FLANGE:HEAT NO,N/A,FLANGE:REMARKS,
RC56864,433630.094,860639.361,3370.451,NG,NG:REMARKS,DIRT
RC56865,433626.331,860631.500,3367.320,WELD,WELD:TYPE,MAINLINE,WELD:XRAY,N/A,WELD:JOINT AHEAD,N/A,WELD:JOINT BACK,N/A,WELD:HEAT AHEAD,N/A,WELD:HEAT BACK,N/A,WELD:JOINT LENGTH,0,WELD:DEPTH OF COVER,3.1,WELD:PIPE MATERIAL,STEEL,WELD:PIPE COATING,POLYURETHANE,WELD:BASECOAT (FBE) MILLS,N/A,WELD:OVERCOAT (ARO) MILLS,N/A,WELD:MANUFACTURER,N/A,WELD:DIAMETER,2,WELD:WALL THICKNESS,0,WELD:GRADE,N/A,WELD:SEAM,UNDETERMINED,WELD:WELDER NO,N/A,WELD:REMARKS,
RC56866,433626.619,860631.575,3367.312,BEND,BEND:BEND TYPE,RIGHT,BEND:BEND TECHNIQUE,FACTORY FITTING,BEND:BEND RADIUS,3R,BEND:HORZ ANGLE,90,BEND:VERT ANGLE,0,BEND:REMARKS,3.1
RC56867,433626.885,860631.839,3367.156,WELD,WELD:TYPE,MAINLINE,WELD:XRAY,N/A,WELD:JOINT AHEAD,N/A,WELD:JOINT BACK,N/A,WELD:HEAT AHEAD,N/A,WELD:HEAT BACK,N/A,WELD:JOINT LENGTH,0,WELD:DEPTH OF COVER,3.3,WELD:PIPE MATERIAL,STEEL,WELD:PIPE COATING,POLYURETHANE,WELD:BASECOAT (FBE) MILLS,N/A,WELD:OVERCOAT (ARO) MILLS,N/A,WELD:MANUFACTURER,N/A,WELD:DIAMETER,2,WELD:WALL THICKNESS,0,WELD:GRADE,N/A,WELD:SEAM,UNDETERMINED,WELD:WELDER NO,N/A,WELD:REMARKS,
RC56868,433627.296,860642.230,3365.359,WELD,WELD:TYPE,MAINLINE,WELD:XRAY,N/A,WELD:JOINT AHEAD,N/A,WELD:JOINT BACK,N/A,WELD:HEAT AHEAD,N/A,WELD:HEAT BACK,N/A,WELD:JOINT LENGTH,0,WELD:DEPTH OF COVER,5,WELD:PIPE MATERIAL,STEEL,WELD:PIPE COATING,POLYURETHANE,WELD:BASECOAT (FBE) MILLS,N/A,WELD:OVERCOAT (ARO) MILLS,N/A,WELD:MANUFACTURER,N/A,WELD:DIAMETER,2,WELD:WALL THICKNESS,0,WELD:GRADE,N/A,WELD:SEAM,UNDETERMINED,WELD:WELDER NO,N/A,WELD:REMARKS,
RC56869,433627.355,860642.545,3365.291,BEND,BEND:BEND TYPE,SAG,BEND:BEND TECHNIQUE,FACTORY FITTING,BEND:BEND RADIUS,3R,BEND:HORZ ANGLE,90,BEND:VERT ANGLE,0,BEND:REMARKS,5.1
RC56870,433627.268,860642.637,3365.450,WELD,WELD:TYPE,MAINLINE,WELD:XRAY,N/A,WELD:JOINT AHEAD,N/A,WELD:JOINT BACK,N/A,WELD:HEAT AHEAD,N/A,WELD:HEAT BACK,N/A,WELD:JOINT LENGTH,0,WELD:DEPTH OF COVER,5,WELD:PIPE MATERIAL,STEEL,WELD:PIPE COATING,POLYURETHANE,WELD:BASECOAT (FBE) MILLS,N/A,WELD:OVERCOAT (ARO) MILLS,N/A,WELD:MANUFACTURER,N/A,WELD:DIAMETER,2,WELD:WALL THICKNESS,0,WELD:GRADE,N/A,WELD:SEAM,UNDETERMINED,WELD:WELDER NO,N/A,WELD:REMARKS,
RC56871,433627.394,860643.459,3369.688,WELD,WELD:TYPE,MAINLINE,WELD:XRAY,N/A,WELD:JOINT AHEAD,N/A,WELD:JOINT BACK,N/A,WELD:HEAT AHEAD,N/A,WELD:HEAT BACK,N/A,WELD:JOINT LENGTH,0,WELD:DEPTH OF COVER,0.5,WELD:PIPE MATERIAL,STEEL,WELD:PIPE COATING,POLYURETHANE,WELD:BASECOAT (FBE) MILLS,N/A,WELD:OVERCOAT (ARO) MILLS,N/A,WELD:MANUFACTURER,N/A,WELD:DIAMETER,2,WELD:WALL THICKNESS,0,WELD:GRADE,N/A,WELD:SEAM,UNDETERMINED,WELD:WELDER NO,N/A,WELD:REMARKS,
RC56872,433627.374,860643.489,3369.564,FLANGE,FLANGE:TYPE,FLANGE,FLANGE:CLASS,OTHER (SEE REMARKS),FLANGE:SIZE,2,FLANGE:HEAT NO,N/A,FLANGE:REMARKS,
RC56873,433653.599,860398.005,3370.529,NG,NG:REMARKS,DIRT
RC56874,433653.201,860391.038,3365.589,WELD,WELD:TYPE,MAINLINE,WELD:XRAY,N/A,WELD:JOINT AHEAD,N/A,WELD:JOINT BACK,N/A,WELD:HEAT AHEAD,N/A,WELD:HEAT BACK,N/A,WELD:JOINT LENGTH,0,WELD:DEPTH OF COVER,4.9,WELD:PIPE MATERIAL,FLEX STEEL,WELD:PIPE COATING,POLYURETHANE,WELD:BASECOAT (FBE) MILLS,N/A,WELD:OVERCOAT (ARO) MILLS,N/A,WELD:MANUFACTURER,N/A,WELD:DIAMETER,4,WELD:WALL THICKNESS,0,WELD:GRADE,N/A,WELD:SEAM,UNDETERMINED,WELD:WELDER NO,N/A,WELD:REMARKS,WELD FOR TOP4
RC56875,433653.446,860393.066,3365.511,WELD,WELD:TYPE,MAINLINE,WELD:XRAY,N/A,WELD:JOINT AHEAD,N/A,WELD:JOINT BACK,N/A,WELD:HEAT AHEAD,N/A,WELD:HEAT BACK,N/A,WELD:JOINT LENGTH,0,WELD:DEPTH OF COVER,5,WELD:PIPE MATERIAL,FLEX STEEL,WELD:PIPE COATING,POLYURETHANE,WELD:BASECOAT (FBE) MILLS,N/A,WELD:OVERCOAT (ARO) MILLS,N/A,WELD:MANUFACTURER,N/A,WELD:DIAMETER,4,WELD:WALL THICKNESS,0,WELD:GRADE,N/A,WELD:SEAM,UNDETERMINED,WELD:WELDER NO,N/A,WELD:REMARKS,WELD FOR TOP7
RC56876,433653.852,860394.322,3365.712,WELD,WELD:TYPE,MAINLINE,WELD:XRAY,N/A,WELD:JOINT AHEAD,N/A,WELD:JOINT BACK,N/A,WELD:HEAT AHEAD,N/A,WELD:HEAT BACK,N/A,WELD:JOINT LENGTH,0,WELD:DEPTH OF COVER,4.8,WELD:PIPE MATERIAL,FLEX STEEL,WELD:PIPE COATING,POLYURETHANE,WELD:BASECOAT (FBE) MILLS,N/A,WELD:OVERCOAT (ARO) MILLS,N/A,WELD:MANUFACTURER,N/A,WELD:DIAMETER,4,WELD:WALL THICKNESS,0,WELD:GRADE,N/A,WELD:SEAM,UNDETERMINED,WELD:WELDER NO,N/A,WELD:REMARKS,WELD FOR TOP8
RC56877,433851.514,859875.261,3373.193,NG,NG:REMARKS,DIRT
RC56878,433846.811,859875.702,3369.226,WELD,WELD:TYPE,MAINLINE,WELD:XRAY,N/A,WELD:JOINT AHEAD,N/A,WELD:JOINT BACK,N/A,WELD:HEAT AHEAD,N/A,WELD:HEAT BACK,N/A,WELD:JOINT LENGTH,0,WELD:DEPTH OF COVER,3.9,WELD:PIPE MATERIAL,FLEX STEEL,WELD:PIPE COATING,POLYURETHANE,WELD:BASECOAT (FBE) MILLS,N/A,WELD:OVERCOAT (ARO) MILLS,N/A,WELD:MANUFACTURER,N/A,WELD:DIAMETER,4,WELD:WALL THICKNESS,0,WELD:GRADE,N/A,WELD:SEAM,UNDETERMINED,WELD:WELDER NO,N/A,WELD:REMARKS,WELD FOR TOP4
RC56879,433846.272,859875.339,3368.816,WELD,WELD:TYPE,MAINLINE,WELD:XRAY,N/A,WELD:JOINT AHEAD,N/A,WELD:JOINT BACK,N/A,WELD:HEAT AHEAD,N/A,WELD:HEAT BACK,N/A,WELD:JOINT LENGTH,0,WELD:DEPTH OF COVER,4.3,WELD:PIPE MATERIAL,FLEX STEEL,WELD:PIPE COATING,POLYURETHANE,WELD:BASECOAT (FBE) MILLS,N/A,WELD:OVERCOAT (ARO) MILLS,N/A,WELD:MANUFACTURER,N/A,WELD:DIAMETER,4,WELD:WALL THICKNESS,0,WELD:GRADE,N/A,WELD:SEAM,UNDETERMINED,WELD:WELDER NO,N/A,WELD:REMARKS,WELD FOR TOP7
RC56880,433853.215,859815.255,3370.840,NG,NG:REMARKS,DIRT
RC56881,433850.538,859814.068,3366.185,WELD,WELD:TYPE,MAINLINE,WELD:XRAY,N/A,WELD:JOINT AHEAD,N/A,WELD:JOINT BACK,N/A,WELD:HEAT AHEAD,N/A,WELD:HEAT BACK,N/A,WELD:JOINT LENGTH,0,WELD:DEPTH OF COVER,4.6,WELD:PIPE MATERIAL,FLEX STEEL,WELD:PIPE COATING,POLYURETHANE,WELD:BASECOAT (FBE) MILLS,N/A,WELD:OVERCOAT (ARO) MILLS,N/A,WELD:MANUFACTURER,N/A,WELD:DIAMETER,4,WELD:WALL THICKNESS,0,WELD:GRADE,N/A,WELD:SEAM,UNDETERMINED,WELD:WELDER NO,N/A,WELD:REMARKS,WELD FOR TOP8
RC56882,433512.145,860631.184,3370.193,NG,NG:REMARKS,DIRT
RC56883,433509.012,860635.841,3366.905,WELD,WELD:TYPE,MAINLINE,WELD:XRAY,AXR-145,WELD:JOINT AHEAD,N/A,WELD:JOINT BACK,N/A,WELD:HEAT AHEAD,N/A,WELD:HEAT BACK,N/A,WELD:JOINT LENGTH,0,WELD:DEPTH OF COVER,3.2,WELD:PIPE MATERIAL,STEEL,WELD:PIPE COATING,POLYURETHANE,WELD:BASECOAT (FBE) MILLS,N/A,WELD:OVERCOAT (ARO) MILLS,N/A,WELD:MANUFACTURER,N/A,WELD:DIAMETER,2,WELD:WALL THICKNESS,0,WELD:GRADE,N/A,WELD:SEAM,UNDETERMINED,WELD:WELDER NO,N/A,WELD:REMARKS,
RC56884,433508.552,860638.599,3366.739,WELD,WELD:TYPE,MAINLINE,WELD:XRAY,AXR-144,WELD:JOINT AHEAD,N/A,WELD:JOINT BACK,N/A,WELD:HEAT AHEAD,N/A,WELD:HEAT BACK,N/A,WELD:JOINT LENGTH,0,WELD:DEPTH OF COVER,3.4,WELD:PIPE MATERIAL,FLEX STEEL,WELD:PIPE COATING,POLYURETHANE,WELD:BASECOAT (FBE) MILLS,N/A,WELD:OVERCOAT (ARO) MILLS,N/A,WELD:MANUFACTURER,N/A,WELD:DIAMETER,4,WELD:WALL THICKNESS,0,WELD:GRADE,N/A,WELD:SEAM,UNDETERMINED,WELD:WELDER NO,N/A,WELD:REMARKS,WELD FOR TOP8
RC56885,433486.223,860484.560,3373.342,WELD,WELD:TYPE,MAINLINE,WELD:XRAY,N/A,WELD:JOINT AHEAD,N/A,WELD:JOINT BACK,N/A,WELD:HEAT AHEAD,N/A,WELD:HEAT BACK,N/A,WELD:JOINT LENGTH,0,WELD:DEPTH OF COVER,0,WELD:PIPE MATERIAL,FLEX STEEL,WELD:PIPE COATING,POLYURETHANE,WELD:BASECOAT (FBE) MILLS,N/A,WELD:OVERCOAT (ARO) MILLS,N/A,WELD:MANUFACTURER,N/A,WELD:DIAMETER,4,WELD:WALL THICKNESS,0,WELD:GRADE,N/A,WELD:SEAM,UNDETERMINED,WELD:WELDER NO,N/A,WELD:REMARKS,
RC56886,433487.655,860484.580,3373.367,WELD,WELD:TYPE,MAINLINE,WELD:XRAY,N/A,WELD:JOINT AHEAD,N/A,WELD:JOINT BACK,N/A,WELD:HEAT AHEAD,N/A,WELD:HEAT BACK,N/A,WELD:JOINT LENGTH,0,WELD:DEPTH OF COVER,0,WELD:PIPE MATERIAL,FLEX STEEL,WELD:PIPE COATING,POLYURETHANE,WELD:BASECOAT (FBE) MILLS,N/A,WELD:OVERCOAT (ARO) MILLS,N/A,WELD:MANUFACTURER,N/A,WELD:DIAMETER,4,WELD:WALL THICKNESS,0,WELD:GRADE,N/A,WELD:SEAM,UNDETERMINED,WELD:WELDER NO,N/A,WELD:REMARKS,
RC56887,433487.883,860484.568,3373.184,BEND,BEND:BEND TYPE,OVER,BEND:BEND TECHNIQUE,FACTORY FITTING,BEND:BEND RADIUS,3R,BEND:HORZ ANGLE,90,BEND:VERT ANGLE,0,BEND:REMARKS,
RC56888,433487.863,860484.592,3373.274,WELD,WELD:TYPE,MAINLINE,WELD:XRAY,N/A,WELD:JOINT AHEAD,N/A,WELD:JOINT BACK,N/A,WELD:HEAT AHEAD,N/A,WELD:HEAT BACK,N/A,WELD:JOINT LENGTH,0,WELD:DEPTH OF COVER,0,WELD:PIPE MATERIAL,FLEX STEEL,WELD:PIPE COATING,POLYURETHANE,WELD:BASECOAT (FBE) MILLS,N/A,WELD:OVERCOAT (ARO) MILLS,N/A,WELD:MANUFACTURER,N/A,WELD:DIAMETER,4,WELD:WALL THICKNESS,0,WELD:GRADE,N/A,WELD:SEAM,UNDETERMINED,WELD:WELDER NO,N/A,WELD:REMARKS,
RC56889,433486.473,860478.583,3373.339,WELD,WELD:TYPE,MAINLINE,WELD:XRAY,N/A,WELD:JOINT AHEAD,N/A,WELD:JOINT BACK,N/A,WELD:HEAT AHEAD,N/A,WELD:HEAT BACK,N/A,WELD:JOINT LENGTH,0,WELD:DEPTH OF COVER,0,WELD:PIPE MATERIAL,FLEX STEEL,WELD:PIPE COATING,POLYURETHANE,WELD:BASECOAT (FBE) MILLS,N/A,WELD:OVERCOAT (ARO) MILLS,N/A,WELD:MANUFACTURER,N/A,WELD:DIAMETER,4,WELD:WALL THICKNESS,0,WELD:GRADE,N/A,WELD:SEAM,UNDETERMINED,WELD:WELDER NO,N/A,WELD:REMARKS,
RC56890,433487.924,860478.682,3373.335,WELD,WELD:TYPE,MAINLINE,WELD:XRAY,N/A,WELD:JOINT AHEAD,N/A,WELD:JOINT BACK,N/A,WELD:HEAT AHEAD,N/A,WELD:HEAT BACK,N/A,WELD:JOINT LENGTH,0,WELD:DEPTH OF COVER,0,WELD:PIPE MATERIAL,FLEX STEEL,WELD:PIPE COATING,POLYURETHANE,WELD:BASECOAT (FBE) MILLS,N/A,WELD:OVERCOAT (ARO) MILLS,N/A,WELD:MANUFACTURER,N/A,WELD:DIAMETER,4,WELD:WALL THICKNESS,0,WELD:GRADE,N/A,WELD:SEAM,UNDETERMINED,WELD:WELDER NO,N/A,WELD:REMARKS,
RC56891,433488.234,860478.737,3373.142,BEND,BEND:BEND TYPE,OVER,BEND:BEND TECHNIQUE,FACTORY FITTING,BEND:BEND RADIUS,3R,BEND:HORZ ANGLE,90,BEND:VERT ANGLE,0,BEND:REMARKS,
RC56892,433488.336,860478.771,3372.861,WELD,WELD:TYPE,MAINLINE,WELD:XRAY,N/A,WELD:JOINT AHEAD,N/A,WELD:JOINT BACK,N/A,WELD:HEAT AHEAD,N/A,WELD:HEAT BACK,N/A,WELD:JOINT LENGTH,0,WELD:DEPTH OF COVER,0,WELD:PIPE MATERIAL,FLEX STEEL,WELD:PIPE COATING,POLYURETHANE,WELD:BASECOAT (FBE) MILLS,N/A,WELD:OVERCOAT (ARO) MILLS,N/A,WELD:MANUFACTURER,N/A,WELD:DIAMETER,4,WELD:WALL THICKNESS,0,WELD:GRADE,N/A,WELD:SEAM,UNDETERMINED,WELD:WELDER NO,N/A,WELD:REMARKS,
RC56893,433482.974,860489.134,3370.232,NG,NG:REMARKS,DIRT
RC56894,433488.262,860478.734,3366.761,WELD,WELD:TYPE,MAINLINE,WELD:XRAY,N/A,WELD:JOINT AHEAD,N/A,WELD:JOINT BACK,N/A,WELD:HEAT AHEAD,N/A,WELD:HEAT BACK,N/A,WELD:JOINT LENGTH,0,WELD:DEPTH OF COVER,3.4,WELD:PIPE MATERIAL,STEEL,WELD:PIPE COATING,POLYURETHANE,WELD:BASECOAT (FBE) MILLS,N/A,WELD:OVERCOAT (ARO) MILLS,N/A,WELD:MANUFACTURER,N/A,WELD:DIAMETER,4,WELD:WALL THICKNESS,0,WELD:GRADE,N/A,WELD:SEAM,UNDETERMINED,WELD:WELDER NO,N/A,WELD:REMARKS,
RC56895,433488.293,860478.710,3366.529,BEND,BEND:BEND TYPE,SAG,BEND:BEND TECHNIQUE,FACTORY FITTING,BEND:BEND RADIUS,3R,BEND:HORZ ANGLE,90,BEND:VERT ANGLE,0,BEND:REMARKS,
RC56896,433488.378,860478.727,3366.448,WELD,WELD:TYPE,MAINLINE,WELD:XRAY,AXR-107,WELD:JOINT AHEAD,N/A,WELD:JOINT BACK,N/A,WELD:HEAT AHEAD,N/A,WELD:HEAT BACK,N/A,WELD:JOINT LENGTH,0,WELD:DEPTH OF COVER,3.7,WELD:PIPE MATERIAL,STEEL,WELD:PIPE COATING,POLYURETHANE,WELD:BASECOAT (FBE) MILLS,N/A,WELD:OVERCOAT (ARO) MILLS,N/A,WELD:MANUFACTURER,N/A,WELD:DIAMETER,4,WELD:WALL THICKNESS,0,WELD:GRADE,N/A,WELD:SEAM,UNDETERMINED,WELD:WELDER NO,N/A,WELD:REMARKS,
RC56897,433489.836,860478.849,3366.461,WELD,WELD:TYPE,MAINLINE,WELD:XRAY,N/A,WELD:JOINT AHEAD,N/A,WELD:JOINT BACK,N/A,WELD:HEAT AHEAD,N/A,WELD:HEAT BACK,N/A,WELD:JOINT LENGTH,0,WELD:DEPTH OF COVER,3.7,WELD:PIPE MATERIAL,STEEL,WELD:PIPE COATING,POLYURETHANE,WELD:BASECOAT (FBE) MILLS,N/A,WELD:OVERCOAT (ARO) MILLS,N/A,WELD:MANUFACTURER,N/A,WELD:DIAMETER,4,WELD:WALL THICKNESS,0,WELD:GRADE,N/A,WELD:SEAM,UNDETERMINED,WELD:WELDER NO,N/A,WELD:REMARKS,
RC56898,433490.058,860478.943,3366.516,BEND,BEND:BEND TYPE,RIGHT,BEND:BEND TECHNIQUE,FACTORY FITTING,BEND:BEND RADIUS,3R,BEND:HORZ ANGLE,90,BEND:VERT ANGLE,0,BEND:REMARKS,3.7
RC56899,433490.090,860479.133,3366.481,WELD,WELD:TYPE,MAINLINE,WELD:XRAY,N/A,WELD:JOINT AHEAD,N/A,WELD:JOINT BACK,N/A,WELD:HEAT AHEAD,N/A,WELD:HEAT BACK,N/A,WELD:JOINT LENGTH,0,WELD:DEPTH OF COVER,3.7,WELD:PIPE MATERIAL,STEEL,WELD:PIPE COATING,POLYURETHANE,WELD:BASECOAT (FBE) MILLS,N/A,WELD:OVERCOAT (ARO) MILLS,N/A,WELD:MANUFACTURER,N/A,WELD:DIAMETER,4,WELD:WALL THICKNESS,0,WELD:GRADE,N/A,WELD:SEAM,UNDETERMINED,WELD:WELDER NO,N/A,WELD:REMARKS,
RC56900,433488.115,860484.685,3366.570,WELD,WELD:TYPE,MAINLINE,WELD:XRAY,AXR-97,WELD:JOINT AHEAD,N/A,WELD:JOINT BACK,N/A,WELD:HEAT AHEAD,N/A,WELD:HEAT BACK,N/A,WELD:JOINT LENGTH,0,WELD:DEPTH OF COVER,3.6,WELD:PIPE MATERIAL,STEEL,WELD:PIPE COATING,POLYURETHANE,WELD:BASECOAT (FBE) MILLS,N/A,WELD:OVERCOAT (ARO) MILLS,N/A,WELD:MANUFACTURER,N/A,WELD:DIAMETER,4,WELD:WALL THICKNESS,0,WELD:GRADE,N/A,WELD:SEAM,UNDETERMINED,WELD:WELDER NO,N/A,WELD:REMARKS,
RC56901,433488.098,860484.712,3366.406,BEND,BEND:BEND TYPE,SAG,BEND:BEND TECHNIQUE,FACTORY FITTING,BEND:BEND RADIUS,3R,BEND:HORZ ANGLE,90,BEND:VERT ANGLE,90,BEND:REMARKS,3.8
RC56902,433488.110,860484.802,3366.372,WELD,WELD:TYPE,MAINLINE,WELD:XRAY,AXR-98,WELD:JOINT AHEAD,N/A,WELD:JOINT BACK,N/A,WELD:HEAT AHEAD,N/A,WELD:HEAT BACK,N/A,WELD:JOINT LENGTH,0,WELD:DEPTH OF COVER,3.8,WELD:PIPE MATERIAL,STEEL,WELD:PIPE COATING,POLYURETHANE,WELD:BASECOAT (FBE) MILLS,N/A,WELD:OVERCOAT (ARO) MILLS,N/A,WELD:MANUFACTURER,N/A,WELD:DIAMETER,4,WELD:WALL THICKNESS,0,WELD:GRADE,N/A,WELD:SEAM,UNDETERMINED,WELD:WELDER NO,N/A,WELD:REMARKS,
RC56903,433487.945,860497.900,3366.144,WELD,WELD:TYPE,MAINLINE,WELD:XRAY,N/A,WELD:JOINT AHEAD,N/A,WELD:JOINT BACK,N/A,WELD:HEAT AHEAD,N/A,WELD:HEAT BACK,N/A,WELD:JOINT LENGTH,0,WELD:DEPTH OF COVER,4,WELD:PIPE MATERIAL,STEEL,WELD:PIPE COATING,POLYURETHANE,WELD:BASECOAT (FBE) MILLS,N/A,WELD:OVERCOAT (ARO) MILLS,N/A,WELD:MANUFACTURER,N/A,WELD:DIAMETER,4,WELD:WALL THICKNESS,0,WELD:GRADE,N/A,WELD:SEAM,UNDETERMINED,WELD:WELDER NO,N/A,WELD:REMARKS,
RC56904,433488.053,860498.178,3366.178,BEND,BEND:BEND TYPE,LEFT,BEND:BEND TECHNIQUE,FACTORY FITTING,BEND:BEND RADIUS,3R,BEND:HORZ ANGLE,90,BEND:VERT ANGLE,0,BEND:REMARKS,4.0
RC56905,433488.212,860498.174,3366.149,WELD,WELD:TYPE,MAINLINE,WELD:XRAY,AXR-100,WELD:JOINT AHEAD,N/A,WELD:JOINT BACK,N/A,WELD:HEAT AHEAD,N/A,WELD:HEAT BACK,N/A,WELD:JOINT LENGTH,0,WELD:DEPTH OF COVER,4,WELD:PIPE MATERIAL,STEEL,WELD:PIPE COATING,POLYURETHANE,WELD:BASECOAT (FBE) MILLS,N/A,WELD:OVERCOAT (ARO) MILLS,N/A,WELD:MANUFACTURER,N/A,WELD:DIAMETER,4,WELD:WALL THICKNESS,0,WELD:GRADE,N/A,WELD:SEAM,UNDETERMINED,WELD:WELDER NO,N/A,WELD:REMARKS,
RC56906,433488.328,860497.154,3366.441,WELD,WELD:TYPE,MAINLINE,WELD:XRAY,N/A,WELD:JOINT AHEAD,N/A,WELD:JOINT BACK,N/A,WELD:HEAT AHEAD,N/A,WELD:HEAT BACK,N/A,WELD:JOINT LENGTH,0,WELD:DEPTH OF COVER,3.7,WELD:PIPE MATERIAL,STEEL,WELD:PIPE COATING,POLYURETHANE,WELD:BASECOAT (FBE) MILLS,N/A,WELD:OVERCOAT (ARO) MILLS,N/A,WELD:MANUFACTURER,N/A,WELD:DIAMETER,4,WELD:WALL THICKNESS,0,WELD:GRADE,N/A,WELD:SEAM,UNDETERMINED,WELD:WELDER NO,N/C,WELD:REMARKS,
RC56907,433488.414,860497.335,3366.502,BEND,BEND:BEND TYPE,LEFT,BEND:BEND TECHNIQUE,FACTORY FITTING,BEND:BEND RADIUS,3R,BEND:HORZ ANGLE,90,BEND:VERT ANGLE,0,BEND:REMARKS,3.7
RC56908,433488.731,860497.436,3366.517,WELD,WELD:TYPE,MAINLINE,WELD:XRAY,N/A,WELD:JOINT AHEAD,N/A,WELD:JOINT BACK,N/A,WELD:HEAT AHEAD,N/A,WELD:HEAT BACK,N/A,WELD:JOINT LENGTH,0,WELD:DEPTH OF COVER,3.7,WELD:PIPE MATERIAL,STEEL,WELD:PIPE COATING,POLYURETHANE,WELD:BASECOAT (FBE) MILLS,N/A,WELD:OVERCOAT (ARO) MILLS,N/A,WELD:MANUFACTURER,N/A,WELD:DIAMETER,4,WELD:WALL THICKNESS,0,WELD:GRADE,N/A,WELD:SEAM,UNDETERMINED,WELD:WELDER NO,N/A,WELD:REMARKS,
RC56909,433504.228,860502.565,3370.199,NG,NG:REMARKS,DIRT
RC56910,433509.545,860499.006,3366.011,WELD,WELD:TYPE,MAINLINE,WELD:XRAY,AXR-101,WELD:JOINT AHEAD,N/A,WELD:JOINT BACK,N/A,WELD:HEAT AHEAD,N/A,WELD:HEAT BACK,N/A,WELD:JOINT LENGTH,0,WELD:DEPTH OF COVER,4.1,WELD:PIPE MATERIAL,STEEL,WELD:PIPE COATING,POLYURETHANE,WELD:BASECOAT (FBE) MILLS,N/A,WELD:OVERCOAT (ARO) MILLS,N/A,WELD:MANUFACTURER,N/A,WELD:DIAMETER,4,WELD:WALL THICKNESS,0,WELD:GRADE,N/A,WELD:SEAM,UNDETERMINED,WELD:WELDER NO,N/A,WELD:REMARKS,
RC56911,433509.852,860499.116,3365.976,BEND,BEND:BEND TYPE,RIGHT,BEND:BEND TECHNIQUE,FACTORY FITTING,BEND:BEND RADIUS,3R,BEND:HORZ ANGLE,90,BEND:VERT ANGLE,0,BEND:REMARKS,4.2
RC56912,433509.839,860499.334,3365.992,WELD,WELD:TYPE,MAINLINE,WELD:XRAY,AXR-102,WELD:JOINT AHEAD,N/A,WELD:JOINT BACK,N/A,WELD:HEAT AHEAD,N/A,WELD:HEAT BACK,N/A,WELD:JOINT LENGTH,0,WELD:DEPTH OF COVER,4.2,WELD:PIPE MATERIAL,STEEL,WELD:PIPE COATING,POLYURETHANE,WELD:BASECOAT (FBE) MILLS,N/A,WELD:OVERCOAT (ARO) MILLS,N/A,WELD:MANUFACTURER,N/A,WELD:DIAMETER,4,WELD:WALL THICKNESS,0,WELD:GRADE,N/A,WELD:SEAM,UNDETERMINED,WELD:WELDER NO,N/A,WELD:REMARKS,
RC56913,433509.890,860498.521,3365.907,WELD,WELD:TYPE,MAINLINE,WELD:XRAY,N/A,WELD:JOINT AHEAD,N/A,WELD:JOINT BACK,N/A,WELD:HEAT AHEAD,N/A,WELD:HEAT BACK,N/A,WELD:JOINT LENGTH,0,WELD:DEPTH OF COVER,4.3,WELD:PIPE MATERIAL,STEEL,WELD:PIPE COATING,POLYURETHANE,WELD:BASECOAT (FBE) MILLS,N/A,WELD:OVERCOAT (ARO) MILLS,N/A,WELD:MANUFACTURER,N/A,WELD:DIAMETER,4,WELD:WALL THICKNESS,0,WELD:GRADE,N/A,WELD:SEAM,UNDETERMINED,WELD:WELDER NO,N/A,WELD:REMARKS,
RC56914,433510.162,860498.679,3365.878,BEND,BEND:BEND TYPE,RIGHT,BEND:BEND TECHNIQUE,FACTORY FITTING,BEND:BEND RADIUS,3R,BEND:HORZ ANGLE,90,BEND:VERT ANGLE,0,BEND:REMARKS,4.3
RC56915,433510.221,860498.915,3365.871,WELD,WELD:TYPE,MAINLINE,WELD:XRAY,N/A,WELD:JOINT AHEAD,N/A,WELD:JOINT BACK,N/A,WELD:HEAT AHEAD,N/A,WELD:HEAT BACK,N/A,WELD:JOINT LENGTH,0,WELD:DEPTH OF COVER,4.3,WELD:PIPE MATERIAL,STEEL,WELD:PIPE COATING,POLYURETHANE,WELD:BASECOAT (FBE) MILLS,N/A,WELD:OVERCOAT (ARO) MILLS,N/A,WELD:MANUFACTURER,N/A,WELD:DIAMETER,4,WELD:WALL THICKNESS,0,WELD:GRADE,N/A,WELD:SEAM,UNDETERMINED,WELD:WELDER NO,N/A,WELD:REMARKS,
RC56916,433510.129,860503.769,3365.786,WELD,WELD:TYPE,MAINLINE,WELD:XRAY,AXR-146,WELD:JOINT AHEAD,N/A,WELD:JOINT BACK,N/A,WELD:HEAT AHEAD,N/A,WELD:HEAT BACK,N/A,WELD:JOINT LENGTH,0,WELD:DEPTH OF COVER,4.4,WELD:PIPE MATERIAL,STEEL,WELD:PIPE COATING,POLYURETHANE,WELD:BASECOAT (FBE) MILLS,N/A,WELD:OVERCOAT (ARO) MILLS,N/A,WELD:MANUFACTURER,N/A,WELD:DIAMETER,4,WELD:WALL THICKNESS,0,WELD:GRADE,N/A,WELD:SEAM,UNDETERMINED,WELD:WELDER NO,N/A,WELD:REMARKS,
RC56917,433509.589,860504.163,3365.755,WELD,WELD:TYPE,MAINLINE,WELD:XRAY,AXR-147,WELD:JOINT AHEAD,N/A,WELD:JOINT BACK,N/A,WELD:HEAT AHEAD,N/A,WELD:HEAT BACK,N/A,WELD:JOINT LENGTH,0,WELD:DEPTH OF COVER,4.4,WELD:PIPE MATERIAL,STEEL,WELD:PIPE COATING,POLYURETHANE,WELD:BASECOAT (FBE) MILLS,N/A,WELD:OVERCOAT (ARO) MILLS,N/A,WELD:MANUFACTURER,N/A,WELD:DIAMETER,4,WELD:WALL THICKNESS,0,WELD:GRADE,N/A,WELD:SEAM,UNDETERMINED,WELD:WELDER NO,N/A,WELD:REMARKS,
RC56918,434354.131,859739.613,3380.134,FLANGE,FLANGE:TYPE,FLANGE,FLANGE:CLASS,OTHER (SEE REMARKS),FLANGE:SIZE,2,FLANGE:HEAT NO,N/A,FLANGE:REMARKS,TOP8 FLANGE
RC56919,434335.690,859740.486,3380.020,FLANGE,FLANGE:TYPE,FLANGE,FLANGE:CLASS,OTHER (SEE REMARKS),FLANGE:SIZE,2,FLANGE:HEAT NO,N/A,FLANGE:REMARKS,TOP7 FLANGE
RC56920,434331.058,859714.865,3379.894,FLANGE,FLANGE:TYPE,FLANGE,FLANGE:CLASS,OTHER (SEE REMARKS),FLANGE:SIZE,2,FLANGE:HEAT NO,N/A,FLANGE:REMARKS,TOP4 FLANGE
RC56921,434329.193,859714.982,3379.992,FLANGE,FLANGE:TYPE,FLANGE,FLANGE:CLASS,OTHER (SEE REMARKS),FLANGE:SIZE,2,FLANGE:HEAT NO,N/A,FLANGE:REMARKS,TOP3 FLANGE
RC56922,442113.806,858047.524,3397.777,CKS,CKS:POINT ID,JC21053CP,CKS:REMARKS,
